Designator,Footprint,Quantity,Value,LCSC Part #
"D1, D10, D11, D12, D13, D14, D15, D16, D2, D3, D4, D5, D6, D7, D8, D9",D_SOD-323,16,D,
J1,USB_C_Receptacle_GCT_USB4105-xx-A_16P_TopMnt_Horizontal,1,USB_C_Receptacle_USB2.0_16P,
J2,PinHeader_2x16_P2.54mm_Vertical,1,Conn_02x16_Odd_Even,
"R1, R2",0603,2,56K,
"R3, R4, R5, R6, R7, R8",0603,6,10K,
"SW1, SW10, SW2, SW3, SW4, SW5, SW6, SW7, SW8, SW9",SW_PUSH_6mm,10,SW_Push,
"SW11, SW12, SW13, SW15",SW_Tactile_SKHH_Angled,4,SW_Push,
SW14,RotaryEncoder_Alps_EC11E-Switch_Vertical_H20mm,1,RotaryEncoder_Switch_MP,
"U1, U2",JOYSTICK,2,COM-09032,
